{
"coefficients": [2.235605999698, 2.944341664888, 660.898177504557, -0.01552598531, -3.955429735385, 709.574946345713, -0.001109561495, 0.003555166562],
"pins": [{"photo":[55,194],"world":[832,-36]},{"photo":[262,191],"world":[1303,-36]},{"photo":[54.5,77.5],"world":[832,331]},{"photo":[215,88.5],"world":[1303,331]}]
}
