{
"coefficients": [61.153943501078, 46.35045505734, -13540.821293284569, 4.96778707809, -50.615663336577, 8301.694827140358, 0.032127275385, 0.05088601496],
"pins": [{"photo":[48.5,177],"world":[-205,-36]},{"photo":[164,191.5],"world":[335,-36]},{"photo":[105.5,109],"world":[-205,333]},{"photo":[217.5,99.5],"world":[335,333]}]
}
